L_heel_temp_mean,L_heel_temp_std,L_heel_pressure_mean,L_heel_pressure_std,L_ball_temp_mean,L_ball_temp_std,L_ball_pressure_mean,L_ball_pressure_std,R_heel_temp_mean,R_heel_temp_std,R_heel_pressure_mean,R_heel_pressure_std,R_ball_temp_mean,R_ball_temp_std,R_ball_pressure_mean,R_ball_pressure_std,CrossFootDifference_temp_heel,CrossFootDifference_temp_ball,CrossFootDifference_pressure_heel,CrossFootDifference_pressure_ball,L_heel_risk,L_ball_risk,R_heel_risk,R_ball_risk
14.6,79.15996462859239,45.588,13.247970410594975,14.6,79.16628070081352,44.974000000000004,13.095739001675314,-127.0,0.0,21.94,0.0,-127.0,0.0,21.81,0.0,177.0,177.0,29.56,28.939999999999998,3.0,1.0,0.0,0.0
50.6,0.5477225575051661,51.8,0.8366600265340756,50.0,0.7071067811865476,50.6,0.5477225575051661,-127.0,0.0,21.926000000000002,0.03130495168499718,-127.0,0.0,21.822,0.026832815729998495,177.6,177.0,29.874000000000002,28.778000000000002,3.0,3.0,0.0,0.0
50.6,0.5477225575051661,114.0,85.88655308021157,50.4,0.8944271909999159,50.6,1.140175425099138,-127.0,0.0,21.912,0.03834057902536178,-127.0,0.0,21.81,0.0,177.6,177.4,92.088,28.790000000000003,3.0,3.0,0.0,0.0
50.4,0.8944271909999159,834.8,401.8298147226012,50.4,1.140175425099138,50.4,0.8944271909999159,-127.0,0.0,21.926,0.03130495168499718,-127.0,0.0,21.834,0.03286335345031121,177.4,177.4,812.874,28.566000000000003,3.0,3.0,0.0,0.0
49.0,1.0,1009.0,4.847679857416329,49.2,0.8366600265340756,49.4,0.5477225575051661,-127.0,0.0,21.926000000000002,0.03130495168499718,-127.0,0.0,21.81,0.0,176.0,176.2,987.074,27.590000000000003,3.0,3.0,0.0,0.0
46.8,1.3038404810405297,441.4,518.2415459995465,47.4,1.140175425099138,47.6,0.8944271909999159,-127.0,0.0,21.926,0.03130495168499718,-127.0,0.0,21.834,0.03286335345031122,173.8,174.4,419.474,25.766000000000002,3.0,3.0,0.0,0.0
